Metric,Value
mAP50,0.5498994976107534
mAP50-95,0.34375703322322826
Precision,0.5611873725221825
Recall,0.6164658634538153
F1-Score,0.5875292447603246
